{
    "users":{
        "admin":{
            "badges":[],
            "sobremim": "Não informado.",
            "conexoes": [],
            "gemas":0
        },
        "778782790791462951":{
            "badges":["<:fenix_dev:1061843793982263376>"],
            "sobremim": "Não informado.",
            "conexoes": [{"plataforma":"Youtube","link":"https://www.youtube.com/channel/UC7XJwsdW-XPeegifBt-uOcA","name":"Fergame33 0"},{"plataforma":"Github","link":"https://github.com/fergame330","name":"fergame330"}],
            "gemas":100
        }
    },
    "XXXXX-XXXXX": {
        "id": "857704392387330078",
        "owners_id": ["778782790791462951"],
        "token": "ODU3NzA0MzkyMzg3MzMwMDc4.GZzRtD.1lbEkQY_k1sl6xLjQwkLCVDDxG72BoOQG2xWwk",
        "prefixes": [{"server_id":"1133574826859184249", "value":"-"}],
        "modules": ["base","acoes", "anunciar", "discord", "diversao", "entrada", "logs", "moderacao", "musica", "pokemon", "ticket", "utils"],
        "theme":"ASUKA_DEV_ALPHA",
        "member_modify_message": {"entrada":"[entrante], seja muito bem-vindo ao servidor!", "saida":"Até logo, [entrante]!", "invite":"[entrante] entrou convidado por [chamante] usando [idcode] que agora esta com [chamanteinvites]"},
        "language": "pt-BR",
        "channels": {"logs":"1133574827689660489", "invites":"1133575051443175445", "entrada": "1133575016798240849", "saida":"1133575032484933776", "blocked_channels":["1133575261351317575", "1133575314195353681"], "allow_channel": "1133575339742859418"},
        "tickets":{
            "embedoutside":{
                "image":"https://media.discordapp.net/attachments/1055458752087728169/1063816962888708210/standard_3.gif",
                "footer":"© Todos os direitos reservados a Fênix DBP ™ #100 & Equipe Fenix",
                "description":"> Para abrir um ticket basta clicar no botão abaixo com o nome respectivo do suporte desejado:\n\n• Categorias\n```Compras\nDuvidas\nBugs```\nHorario de Atendimento:`À qualquer momento!`",
                "title":"Sistema de Tickets | Fênix DBP ™ #100"
            },
            "embedinside":{
                "image":null,
                "footer":"Não crie tickets desnecessariamente! [timesttamp]",
                "description":"[member], aqui você poderá ter suporte de um membro da equipe. Enquanto ele não chega, sinta-se a vontade para pedir oque quiser.",
                "title":"Atendimento Fênix DBP ™ #100",
                "bonusmessage":null
            },
            "maxticketsperchannel":10,
            "permission":[{"type": "USER", "value": "778782790791462951"}, {"type": "ROLE", "value": "1133577825706835970"}, {"type": "PERM", "value": "ADMINISTRATOR"}],
            "categories":[{"name":"Serviços", "channel":["1133574827689660488"], "emoji":"<:staff:1061818707275419658>"}]
        },
        "ranks":{
            "dificult": 1,
            "positions":[{"lvl":10, "value": "Veterano de Guerra"}, {"lvl":50, "value": "IDOSO DO SERVER"}, {"lvl":100, "value": "LOUVADOR DA RAINHA ASUKA"}],
            "rankupchannel":"1133579714812989440",
            "permission":[{"type": "USER", "value": "778782790791462951"}, {"type": "ROLE", "value": "1133577825706835970"}, {"type": "PERM", "value": "ADMINISTRATOR"}],
            "members":{
                "778782790791462951":{
                    "points":10
                }
            }
        },
        "giveway":[],
        "economy":{
            "bank":{
                "778782790791462951":{
                    "saldo":1000
                }
            },
            "trabalhos":{
                "disponiveis":[{"name":"dev", "salario": 1}],
                "778782790791462951":{
                    "name":"dev",
                    "salario":1
                }
            },
            "saldocorrente":{
                "778782790791462951":{
                    "money":100
                }
            }
        }
    }
}