{
    "idiom_of_bot":"pt-br",
    "prefix_message_1":"Meu prefixo neste servidor é ",
    "prefix_message_2":". Para obter uma descrição completa sobre mim, digite ",
    "not_allowed_command_channel": "Digite comandos em ",
    "not_found_command_suggest":"Comando não encontrado! Para ver a lista de comandos, digite ",
    "literal_sugestion":"Sugestão",
    "literal_use":"Use",
    "help_1page_speed":"**🔖 Opções:**\n\n> ↩ - Voltar para a primeira página.\n> ◀ - Voltar uma página.\n> ▶ - Avançar uma página.\n> ↪ - Avançar para a ultima página.\n\n**Olá, sou um bot desenvolvido pela Fênix Development Bots Project!**\n**Somos um time de developers capacitados. Criamos bots, sites, configuramos servidores...**\n**Fui desenvolvido por:** ```fernandobf & andreydeveloper```",
    "specific_help_message":"<Comando|Categoria> para ver mais informações.",
    "bot_want_order":"Quero um bot desses no meu servidor!",
    "avaliable_categories":"Categorias disponíveis",
    "contact_recommendation":"Caso queira adquirir um bot, porfavor entre em contato :)",
    "more_recomendation_help": "Para mais informações acesse",
    "command_ping_description":"Usado para testar se o bot está respondendo!",
    "command_help_description":"A pior coisa do mundo é estar perdido tendo uma bússola na mão.",
    "command_help_option1_name":"comando",
    "command_help_option1_description":"Ajuda especifica com algum comando.",
    "command_folder_base": "Básicos",
    "command_folder_utils": "Úteis",
    "command_calc_description":"Comando para calcular expressões matematicas!",
    "command_status_description":"Comando para ver o status do discord!",
    "command_folder_actions":"Ações",
    "command_hug_description":"Todos precisamos de um abraço para esquentar nossos corações!",
    "command_kiss_description":"O amor não é lindo?",
    "command_jokes_description":"Tente não rir, kkk!",
    "command_slap_description":"De um tapa em quem merece!",
    "command_folder_announce":"Anuncios",
    "command_announce_description":"Comando para o bot falar algo com embed!",
    "command_folder_fun":"Diversão",
    "command_8ball_description":"Oraculo da fenix, ele sabe de tudo, pergunte-o!",
    "command_cancel_description":"Comando para cancelar membros!",
    "command_roll_description":"Rola um dado e fala o resultado dele",
    "command_ratewaifu_description":"Comando para rankear waifus!",
    "command_flip_description":"Rola um dado e fala o resultado dele",
    "command_jokenpo_description":"Comando para jogar jokenpo!",
    "command_ship_description":"Quem será o casal? Será que a Fenix concorda com seu Ship?",
    "command_avatar_description":"Comando para ver avatares de usuários!",
    "command_banner_description":"Comando para ver banners de usuários!",
    "command_folder_moderation": "Moderação",
    "command_clear_description":"Comando para apagar mensagens!",
    "command_folder_rpg": "RPG",
    "command_rpg_description":"Comando sobre o RPG!",
    "command_userinfo_description":"Comando sobre informações do player!"
}